HLP,CKG
HLP,WNI
HLP,KJT
HLP,NAH
HLP,BUW
HLP,TIM
HLP,BOM
HLP,XIY
HLP,SIN
HLP,MYY
HLP,BWX
HLP,SXK
HLP,HKT
HLP,AOR
HLP,KHN
HLP,JOG
HLP,NAM
HLP,LBJ
HLP,HKG
HLP,KNO
HLP,LHE
HLP,HAK
HLP,HAN
HLP,NTX
HLP,KNG
HLP,URT
HLP,AMQ
HLP,DJB
HLP,SMQ
HLP,UBP
HLP,DJJ
HLP,PXA
HLP,BNE
HLP,CXP
HLP,LAH
HLP,PKN
HLP,IPH
HLP,MAA
HLP,WUB
HLP,TMC
HLP,SQN
HLP,KAZ
HLP,WUH
HLP,SQG
HLP,BEJ
HLP,FLZ
HLP,MWW
HLP,LKI
HLP,DTB
HLP,DMK
HLP,CMB
HLP,HDY
HLP,LKA
HLP,MKF
HLP,DEL
HLP,AEG
HLP,TSY
HLP,UOL
HLP,AMI
HLP,TKG
HLP,PKU
HLP,SZB
HLP,PGK
HLP,PKY
HLP,RTI
HLP,AMD
HLP,CEI
HLP,LSW
HLP,SZX
HLP,LLO
HLP,BMU
HLP,KBR
HLP,MNA
HLP,MWS
HLP,KBV
HLP,TTE
HLP,KBU
HLP,TRK
HLP,ENE
HLP,UPG
HLP,BDO
HLP,BDJ
HLP,YKR
HLP,TRZ
HLP,CSX
HLP,TRV
HLP,PSJ
HLP,BTW
HLP,MPC
HLP,TJG
HLP,RNG
HLP,KCH
HLP,SUP
HLP,MFM
HLP,TJS
HLP,MOH
HLP,BTH
HLP,BTJ
HLP,CTU
HLP,SUB
HLP,LUV
HLP,LUW
HLP,DOB
HLP,PER
HLP,GLX
HLP,PEN
HLP,KUL
HLP,JBB
HLP,ATQ
HLP,SMG
HLP,RGT
HLP,COK
HLP,HFE
HLP,CGK
HLP,NBX
HLP,KDI
HLP,MDC
HLP,KSR
HLP,BKI
HLP,PVG
HLP,BKS
HLP,CGP
HLP,DUM
HLP,LTU
HLP,OTI
HLP,SRI
HLP,LOP
HLP,GTO
HLP,JED
HLP,PDG
HLP,KRC
HLP,TLI
HLP,VTZ
HLP,PLW
HLP,MED
HLP,MEL
HLP,LMU
HLP,BJW
HLP,MEQ
HLP,SBG
HLP,MES
HLP,PLM
HLP,GNS
HLP,JHB
HLP,DPS
HLP,KOE
HLP,TPE
HLP,BPN
HLP,MKW
HLP,FKQ
HLP,WMX
HLP,CAN
HLP,MKQ
HLP,TWU
HLP,SWQ
HLP,MKZ
HLP,SRG
HLP,TJQ
HLP,SOC
HLP,KWB
HLP,DAC
HLP,TXE
HLP,KWL
HLP,PUM
HLP,SOQ
HLP,TGG
HLP,SGN
HLP,VPM
HLP,DEX
HLP,NST
HLP,MLG
HLP,WGP
HLP,UTH
HLP,CNX
HLP,KTM
HLP,TNA
HLP,ABU
HLP,HGH
HLP,KTE
HLP,KTG
HLP,TNJ
HLP,LGK
HLP,MJU
HLP,MOF
HLP,PNH
HLP,PNK
HLP,ARD
HLP,RJM
HLP,PSU
CGK,CKG
CGK,WNI
CGK,KJT
CGK,NAH
CGK,BUW
CGK,TIM
CGK,BOM
CGK,XIY
CGK,SIN
CGK,MYY
CGK,BWX
CGK,SXK
CGK,HKT
CGK,AOR
CGK,KHN
CGK,JOG
CGK,NAM
CGK,LBJ
CGK,HKG
CGK,KNO
CGK,LHE
CGK,HAK
CGK,HAN
CGK,NTX
CGK,KNG
CGK,URT
CGK,AMQ
CGK,DJB
CGK,SMQ
CGK,UBP
CGK,DJJ
CGK,PXA
CGK,BNE
CGK,CXP
CGK,LAH
CGK,PKN
CGK,IPH
CGK,MAA
CGK,WUB
CGK,TMC
CGK,SQN
CGK,KAZ
CGK,WUH
CGK,SQG
CGK,BEJ
CGK,FLZ
CGK,MWW
CGK,LKI
CGK,DTB
CGK,DMK
CGK,CMB
CGK,HDY
CGK,LKA
CGK,MKF
CGK,DEL
CGK,AEG
CGK,TSY
CGK,UOL
CGK,AMI
CGK,TKG
CGK,PKU
CGK,SZB
CGK,PGK
CGK,PKY
CGK,RTI
CGK,AMD
CGK,CEI
CGK,LSW
CGK,SZX
CGK,LLO
CGK,BMU
CGK,KBR
CGK,MNA
CGK,MWS
CGK,KBV
CGK,TTE
CGK,KBU
CGK,TRK
CGK,ENE
CGK,UPG
CGK,BDO
CGK,BDJ
CGK,YKR
CGK,TRZ
CGK,CSX
CGK,TRV
CGK,PSJ
CGK,BTW
CGK,MPC
CGK,TJG
CGK,RNG
CGK,KCH
CGK,HLP
CGK,SUP
CGK,MFM
CGK,TJS
CGK,MOH
CGK,BTH
CGK,BTJ
CGK,CTU
CGK,SUB
CGK,LUV
CGK,LUW
CGK,DOB
CGK,PER
CGK,GLX
CGK,PEN
CGK,KUL
CGK,JBB
CGK,ATQ
CGK,SMG
CGK,RGT
CGK,COK
CGK,HFE
CGK,NBX
CGK,KDI
CGK,MDC
CGK,KSR
CGK,BKI
CGK,PVG
CGK,BKS
CGK,CGP
CGK,DUM
CGK,LTU
CGK,OTI
CGK,SRI
CGK,LOP
CGK,GTO
CGK,JED
CGK,PDG
CGK,KRC
CGK,TLI
CGK,VTZ
CGK,PLW
CGK,MED
CGK,MEL
CGK,LMU
CGK,BJW
CGK,MEQ
CGK,SBG
CGK,MES
CGK,PLM
CGK,GNS
CGK,JHB
CGK,DPS
CGK,KOE
CGK,TPE
CGK,BPN
CGK,MKW
CGK,FKQ
CGK,WMX
CGK,CAN
CGK,MKQ
CGK,TWU
CGK,SWQ
CGK,MKZ
CGK,SRG
CGK,TJQ
CGK,SOC
CGK,KWB
CGK,DAC
CGK,TXE
CGK,KWL
CGK,PUM
CGK,SOQ
CGK,TGG
CGK,SGN
CGK,VPM
CGK,DEX
CGK,NST
CGK,MLG
CGK,WGP
CGK,UTH
CGK,CNX
CGK,KTM
CGK,TNA
CGK,ABU
CGK,HGH
CGK,KTE
CGK,KTG
CGK,TNJ
CGK,LGK
CGK,MJU
CGK,MOF
CGK,PNH
CGK,PNK
CGK,ARD
CGK,RJM
CGK,PSU
CAN,CKG
CAN,WNI
CAN,KJT
CAN,NAH
CAN,BUW
CAN,TIM
CAN,BOM
CAN,XIY
CAN,SIN
CAN,MYY
CAN,BWX
CAN,SXK
CAN,HKT
CAN,AOR
CAN,KHN
CAN,JOG
CAN,NAM
CAN,LBJ
CAN,HKG
CAN,KNO
CAN,LHE
CAN,HAK
CAN,HAN
CAN,NTX
CAN,KNG
CAN,URT
CAN,AMQ
CAN,DJB
CAN,SMQ
CAN,UBP
CAN,DJJ
CAN,PXA
CAN,BNE
CAN,CXP
CAN,LAH
CAN,PKN
CAN,IPH
CAN,MAA
CAN,WUB
CAN,TMC
CAN,SQN
CAN,KAZ
CAN,WUH
CAN,SQG
CAN,BEJ
CAN,FLZ
CAN,MWW
CAN,LKI
CAN,DTB
CAN,DMK
CAN,CMB
CAN,HDY
CAN,LKA
CAN,MKF
CAN,DEL
CAN,AEG
CAN,TSY
CAN,UOL
CAN,AMI
CAN,TKG
CAN,PKU
CAN,SZB
CAN,PGK
CAN,PKY
CAN,RTI
CAN,AMD
CAN,CEI
CAN,LSW
CAN,SZX
CAN,LLO
CAN,BMU
CAN,KBR
CAN,MNA
CAN,MWS
CAN,KBV
CAN,TTE
CAN,KBU
CAN,TRK
CAN,ENE
CAN,UPG
CAN,BDO
CAN,BDJ
CAN,YKR
CAN,TRZ
CAN,CSX
CAN,TRV
CAN,PSJ
CAN,BTW
CAN,MPC
CAN,TJG
CAN,RNG
CAN,KCH
CAN,HLP
CAN,SUP
CAN,MFM
CAN,TJS
CAN,MOH
CAN,BTH
CAN,BTJ
CAN,CTU
CAN,SUB
CAN,LUV
CAN,LUW
CAN,DOB
CAN,PER
CAN,GLX
CAN,PEN
CAN,KUL
CAN,JBB
CAN,ATQ
CAN,SMG
CAN,RGT
CAN,COK
CAN,HFE
CAN,CGK
CAN,NBX
CAN,KDI
CAN,MDC
CAN,KSR
CAN,BKI
CAN,PVG
CAN,BKS
CAN,CGP
CAN,DUM
CAN,LTU
CAN,OTI
CAN,SRI
CAN,LOP
CAN,GTO
CAN,JED
CAN,PDG
CAN,KRC
CAN,TLI
CAN,VTZ
CAN,PLW
CAN,MED
CAN,MEL
CAN,LMU
CAN,BJW
CAN,MEQ
CAN,SBG
CAN,MES
CAN,PLM
CAN,GNS
CAN,JHB
CAN,DPS
CAN,KOE
CAN,TPE
CAN,BPN
CAN,MKW
CAN,FKQ
CAN,WMX
CAN,MKQ
CAN,TWU
CAN,SWQ
CAN,MKZ
CAN,SRG
CAN,TJQ
CAN,SOC
CAN,KWB
CAN,DAC
CAN,TXE
CAN,KWL
CAN,PUM
CAN,SOQ
CAN,TGG
CAN,SGN
CAN,VPM
CAN,DEX
CAN,NST
CAN,MLG
CAN,WGP
CAN,UTH
CAN,CNX
CAN,KTM
CAN,TNA
CAN,ABU
CAN,HGH
CAN,KTE
CAN,KTG
CAN,TNJ
CAN,LGK
CAN,MJU
CAN,MOF
CAN,PNH
CAN,PNK
CAN,ARD
CAN,RJM
CAN,PSU
PVG,CKG
PVG,WNI
PVG,KJT
PVG,NAH
PVG,BUW
PVG,TIM
PVG,BOM
PVG,XIY
PVG,SIN
PVG,MYY
PVG,BWX
PVG,SXK
PVG,HKT
PVG,AOR
PVG,KHN
PVG,JOG
PVG,NAM
PVG,LBJ
PVG,HKG
PVG,KNO
PVG,LHE
PVG,HAK
PVG,HAN
PVG,NTX
PVG,KNG
PVG,URT
PVG,AMQ
PVG,DJB
PVG,SMQ
PVG,UBP
PVG,DJJ
PVG,PXA
PVG,BNE
PVG,CXP
PVG,LAH
PVG,PKN
PVG,IPH
PVG,MAA
PVG,WUB
PVG,TMC
PVG,SQN
PVG,KAZ
PVG,WUH
PVG,SQG
PVG,BEJ
PVG,FLZ
PVG,MWW
PVG,LKI
PVG,DTB
PVG,DMK
PVG,CMB
PVG,HDY
PVG,LKA
PVG,MKF
PVG,DEL
PVG,AEG
PVG,TSY
PVG,UOL
PVG,AMI
PVG,TKG
PVG,PKU
PVG,SZB
PVG,PGK
PVG,PKY
PVG,RTI
PVG,AMD
PVG,CEI
PVG,LSW
PVG,SZX
PVG,LLO
PVG,BMU
PVG,KBR
PVG,MNA
PVG,MWS
PVG,KBV
PVG,TTE
PVG,KBU
PVG,TRK
PVG,ENE
PVG,UPG
PVG,BDO
PVG,BDJ
PVG,YKR
PVG,TRZ
PVG,CSX
PVG,TRV
PVG,PSJ
PVG,BTW
PVG,MPC
PVG,TJG
PVG,RNG
PVG,KCH
PVG,HLP
PVG,SUP
PVG,MFM
PVG,TJS
PVG,MOH
PVG,BTH
PVG,BTJ
PVG,CTU
PVG,SUB
PVG,LUV
PVG,LUW
PVG,DOB
PVG,PER
PVG,GLX
PVG,PEN
PVG,KUL
PVG,JBB
PVG,ATQ
PVG,SMG
PVG,RGT
PVG,COK
PVG,HFE
PVG,CGK
PVG,NBX
PVG,KDI
PVG,MDC
PVG,KSR
PVG,BKI
PVG,BKS
PVG,CGP
PVG,DUM
PVG,LTU
PVG,OTI
PVG,SRI
PVG,LOP
PVG,GTO
PVG,JED
PVG,PDG
PVG,KRC
PVG,TLI
PVG,VTZ
PVG,PLW
PVG,MED
PVG,MEL
PVG,LMU
PVG,BJW
PVG,MEQ
PVG,SBG
PVG,MES
PVG,PLM
PVG,GNS
PVG,JHB
PVG,DPS
PVG,KOE
PVG,TPE
PVG,BPN
PVG,MKW
PVG,FKQ
PVG,WMX
PVG,CAN
PVG,MKQ
PVG,TWU
PVG,SWQ
PVG,MKZ
PVG,SRG
PVG,TJQ
PVG,SOC
PVG,KWB
PVG,DAC
PVG,TXE
PVG,KWL
PVG,PUM
PVG,SOQ
PVG,TGG
PVG,SGN
PVG,VPM
PVG,DEX
PVG,NST
PVG,MLG
PVG,WGP
PVG,UTH
PVG,CNX
PVG,KTM
PVG,TNA
PVG,ABU
PVG,HGH
PVG,KTE
PVG,KTG
PVG,TNJ
PVG,LGK
PVG,MJU
PVG,MOF
PVG,PNH
PVG,PNK
PVG,ARD
PVG,RJM
PVG,PSU
BTH,CKG
BTH,WNI
BTH,KJT
BTH,NAH
BTH,BUW
BTH,TIM
BTH,BOM
BTH,XIY
BTH,SIN
BTH,MYY
BTH,BWX
BTH,SXK
BTH,HKT
BTH,AOR
BTH,KHN
BTH,JOG
BTH,NAM
BTH,LBJ
BTH,HKG
BTH,KNO
BTH,LHE
BTH,HAK
BTH,HAN
BTH,NTX
BTH,KNG
BTH,URT
BTH,AMQ
BTH,DJB
BTH,SMQ
BTH,UBP
BTH,DJJ
BTH,PXA
BTH,BNE
BTH,CXP
BTH,LAH
BTH,PKN
BTH,IPH
BTH,MAA
BTH,WUB
BTH,TMC
BTH,SQN
BTH,KAZ
BTH,WUH
BTH,SQG
BTH,BEJ
BTH,FLZ
BTH,MWW
BTH,LKI
BTH,DTB
BTH,DMK
BTH,CMB
BTH,HDY
BTH,LKA
BTH,MKF
BTH,DEL
BTH,AEG
BTH,TSY
BTH,UOL
BTH,AMI
BTH,TKG
BTH,PKU
BTH,SZB
BTH,PGK
BTH,PKY
BTH,RTI
BTH,AMD
BTH,CEI
BTH,LSW
BTH,SZX
BTH,LLO
BTH,BMU
BTH,KBR
BTH,MNA
BTH,MWS
BTH,KBV
BTH,TTE
BTH,KBU
BTH,TRK
BTH,ENE
BTH,UPG
BTH,BDO
BTH,BDJ
BTH,YKR
BTH,TRZ
BTH,CSX
BTH,TRV
BTH,PSJ
BTH,BTW
BTH,MPC
BTH,TJG
BTH,RNG
BTH,KCH
BTH,HLP
BTH,SUP
BTH,MFM
BTH,TJS
BTH,MOH
BTH,BTJ
BTH,CTU
BTH,SUB
BTH,LUV
BTH,LUW
BTH,DOB
BTH,PER
BTH,GLX
BTH,PEN
BTH,KUL
BTH,JBB
BTH,ATQ
BTH,SMG
BTH,RGT
BTH,COK
BTH,HFE
BTH,CGK
BTH,NBX
BTH,KDI
BTH,MDC
BTH,KSR
BTH,BKI
BTH,PVG
BTH,BKS
BTH,CGP
BTH,DUM
BTH,LTU
BTH,OTI
BTH,SRI
BTH,LOP
BTH,GTO
BTH,JED
BTH,PDG
BTH,KRC
BTH,TLI
BTH,VTZ
BTH,PLW
BTH,MED
BTH,MEL
BTH,LMU
BTH,BJW
BTH,MEQ
BTH,SBG
BTH,MES
BTH,PLM
BTH,GNS
BTH,JHB
BTH,DPS
BTH,KOE
BTH,TPE
BTH,BPN
BTH,MKW
BTH,FKQ
BTH,WMX
BTH,CAN
BTH,MKQ
BTH,TWU
BTH,SWQ
BTH,MKZ
BTH,SRG
BTH,TJQ
BTH,SOC
BTH,KWB
BTH,DAC
BTH,TXE
BTH,KWL
BTH,PUM
BTH,SOQ
BTH,TGG
BTH,SGN
BTH,VPM
BTH,DEX
BTH,NST
BTH,MLG
BTH,WGP
BTH,UTH
BTH,CNX
BTH,KTM
BTH,TNA
BTH,ABU
BTH,HGH
BTH,KTE
BTH,KTG
BTH,TNJ
BTH,LGK
BTH,MJU
BTH,MOF
BTH,PNH
BTH,PNK
BTH,ARD
BTH,RJM
BTH,PSU
BDO,CKG
BDO,WNI
BDO,KJT
BDO,NAH
BDO,BUW
BDO,TIM
BDO,BOM
BDO,XIY
BDO,SIN
BDO,MYY
BDO,BWX
BDO,SXK
BDO,HKT
BDO,AOR
BDO,KHN
BDO,JOG
BDO,NAM
BDO,LBJ
BDO,HKG
BDO,KNO
BDO,LHE
BDO,HAK
BDO,HAN
BDO,NTX
BDO,KNG
BDO,URT
BDO,AMQ
BDO,DJB
BDO,SMQ
BDO,UBP
BDO,DJJ
BDO,PXA
BDO,BNE
BDO,CXP
BDO,LAH
BDO,PKN
BDO,IPH
BDO,MAA
BDO,WUB
BDO,TMC
BDO,SQN
BDO,KAZ
BDO,WUH
BDO,SQG
BDO,BEJ
BDO,FLZ
BDO,MWW
BDO,LKI
BDO,DTB
BDO,DMK
BDO,CMB
BDO,HDY
BDO,LKA
BDO,MKF
BDO,DEL
BDO,AEG
BDO,TSY
BDO,UOL
BDO,AMI
BDO,TKG
BDO,PKU
BDO,SZB
BDO,PGK
BDO,PKY
BDO,RTI
BDO,AMD
BDO,CEI
BDO,LSW
BDO,SZX
BDO,LLO
BDO,BMU
BDO,KBR
BDO,MNA
BDO,MWS
BDO,KBV
BDO,TTE
BDO,KBU
BDO,TRK
BDO,ENE
BDO,UPG
BDO,BDJ
BDO,YKR
BDO,TRZ
BDO,CSX
BDO,TRV
BDO,PSJ
BDO,BTW
BDO,MPC
BDO,TJG
BDO,RNG
BDO,KCH
BDO,HLP
BDO,SUP
BDO,MFM
BDO,TJS
BDO,MOH
BDO,BTH
BDO,BTJ
BDO,CTU
BDO,SUB
BDO,LUV
BDO,LUW
BDO,DOB
BDO,PER
BDO,GLX
BDO,PEN
BDO,KUL
BDO,JBB
BDO,ATQ
BDO,SMG
BDO,RGT
BDO,COK
BDO,HFE
BDO,CGK
BDO,NBX
BDO,KDI
BDO,MDC
BDO,KSR
BDO,BKI
BDO,PVG
BDO,BKS
BDO,CGP
BDO,DUM
BDO,LTU
BDO,OTI
BDO,SRI
BDO,LOP
BDO,GTO
BDO,JED
BDO,PDG
BDO,KRC
BDO,TLI
BDO,VTZ
BDO,PLW
BDO,MED
BDO,MEL
BDO,LMU
BDO,BJW
BDO,MEQ
BDO,SBG
BDO,MES
BDO,PLM
BDO,GNS
BDO,JHB
BDO,DPS
BDO,KOE
BDO,TPE
BDO,BPN
BDO,MKW
BDO,FKQ
BDO,WMX
BDO,CAN
BDO,MKQ
BDO,TWU
BDO,SWQ
BDO,MKZ
BDO,SRG
BDO,TJQ
BDO,SOC
BDO,KWB
BDO,DAC
BDO,TXE
BDO,KWL
BDO,PUM
BDO,SOQ
BDO,TGG
BDO,SGN
BDO,VPM
BDO,DEX
BDO,NST
BDO,MLG
BDO,WGP
BDO,UTH
BDO,CNX
BDO,KTM
BDO,TNA
BDO,ABU
BDO,HGH
BDO,KTE
BDO,KTG
BDO,TNJ
BDO,LGK
BDO,MJU
BDO,MOF
BDO,PNH
BDO,PNK
BDO,ARD
BDO,RJM
BDO,PSU
SRG,CKG
SRG,WNI
SRG,KJT
SRG,NAH
SRG,BUW
SRG,TIM
SRG,BOM
SRG,XIY
SRG,SIN
SRG,MYY
SRG,BWX
SRG,SXK
SRG,HKT
SRG,AOR
SRG,KHN
SRG,JOG
SRG,NAM
SRG,LBJ
SRG,HKG
SRG,KNO
SRG,LHE
SRG,HAK
SRG,HAN
SRG,NTX
SRG,KNG
SRG,URT
SRG,AMQ
SRG,DJB
SRG,SMQ
SRG,UBP
SRG,DJJ
SRG,PXA
SRG,BNE
SRG,CXP
SRG,LAH
SRG,PKN
SRG,IPH
SRG,MAA
SRG,WUB
SRG,TMC
SRG,SQN
SRG,KAZ
SRG,WUH
SRG,SQG
SRG,BEJ
SRG,FLZ
SRG,MWW
SRG,LKI
SRG,DTB
SRG,DMK
SRG,CMB
SRG,HDY
SRG,LKA
SRG,MKF
SRG,DEL
SRG,AEG
SRG,TSY
SRG,UOL
SRG,AMI
SRG,TKG
SRG,PKU
SRG,SZB
SRG,PGK
SRG,PKY
SRG,RTI
SRG,AMD
SRG,CEI
SRG,LSW
SRG,SZX
SRG,LLO
SRG,BMU
SRG,KBR
SRG,MNA
SRG,MWS
SRG,KBV
SRG,TTE
SRG,KBU
SRG,TRK
SRG,ENE
SRG,UPG
SRG,BDO
SRG,BDJ
SRG,YKR
SRG,TRZ
SRG,CSX
SRG,TRV
SRG,PSJ
SRG,BTW
SRG,MPC
SRG,TJG
SRG,RNG
SRG,KCH
SRG,HLP
SRG,SUP
SRG,MFM
SRG,TJS
SRG,MOH
SRG,BTH
SRG,BTJ
SRG,CTU
SRG,SUB
SRG,LUV
SRG,LUW
SRG,DOB
SRG,PER
SRG,GLX
SRG,PEN
SRG,KUL
SRG,JBB
SRG,ATQ
SRG,SMG
SRG,RGT
SRG,COK
SRG,HFE
SRG,CGK
SRG,NBX
SRG,KDI
SRG,MDC
SRG,KSR
SRG,BKI
SRG,PVG
SRG,BKS
SRG,CGP
SRG,DUM
SRG,LTU
SRG,OTI
SRG,SRI
SRG,LOP
SRG,GTO
SRG,JED
SRG,PDG
SRG,KRC
SRG,TLI
SRG,VTZ
SRG,PLW
SRG,MED
SRG,MEL
SRG,LMU
SRG,BJW
SRG,MEQ
SRG,SBG
SRG,MES
SRG,PLM
SRG,GNS
SRG,JHB
SRG,DPS
SRG,KOE
SRG,TPE
SRG,BPN
SRG,MKW
SRG,FKQ
SRG,WMX
SRG,CAN
SRG,MKQ
SRG,TWU
SRG,SWQ
SRG,MKZ
SRG,TJQ
SRG,SOC
SRG,KWB
SRG,DAC
SRG,TXE
SRG,KWL
SRG,PUM
SRG,SOQ
SRG,TGG
SRG,SGN
SRG,VPM
SRG,DEX
SRG,NST
SRG,MLG
SRG,WGP
SRG,UTH
SRG,CNX
SRG,KTM
SRG,TNA
SRG,ABU
SRG,HGH
SRG,KTE
SRG,KTG
SRG,TNJ
SRG,LGK
SRG,MJU
SRG,MOF
SRG,PNH
SRG,PNK
SRG,ARD
SRG,RJM
SRG,PSU
MES,CKG
MES,WNI
MES,KJT
MES,NAH
MES,BUW
MES,TIM
MES,BOM
MES,XIY
MES,SIN
MES,MYY
MES,BWX
MES,SXK
MES,HKT
MES,AOR
MES,KHN
MES,JOG
MES,NAM
MES,LBJ
MES,HKG
MES,KNO
MES,LHE
MES,HAK
MES,HAN
MES,NTX
MES,KNG
MES,URT
MES,AMQ
MES,DJB
MES,SMQ
MES,UBP
MES,DJJ
MES,PXA
MES,BNE
MES,CXP
MES,LAH
MES,PKN
MES,IPH
MES,MAA
MES,WUB
MES,TMC
MES,SQN
MES,KAZ
MES,WUH
MES,SQG
MES,BEJ
MES,FLZ
MES,MWW
MES,LKI
MES,DTB
MES,DMK
MES,CMB
MES,HDY
MES,LKA
MES,MKF
MES,DEL
MES,AEG
MES,TSY
MES,UOL
MES,AMI
MES,TKG
MES,PKU
MES,SZB
MES,PGK
MES,PKY
MES,RTI
MES,AMD
MES,CEI
MES,LSW
MES,SZX
MES,LLO
MES,BMU
MES,KBR
MES,MNA
MES,MWS
MES,KBV
MES,TTE
MES,KBU
MES,TRK
MES,ENE
MES,UPG
MES,BDO
MES,BDJ
MES,YKR
MES,TRZ
MES,CSX
MES,TRV
MES,PSJ
MES,BTW
MES,MPC
MES,TJG
MES,RNG
MES,KCH
MES,HLP
MES,SUP
MES,MFM
MES,TJS
MES,MOH
MES,BTH
MES,BTJ
MES,CTU
MES,SUB
MES,LUV
MES,LUW
MES,DOB
MES,PER
MES,GLX
MES,PEN
MES,KUL
MES,JBB
MES,ATQ
MES,SMG
MES,RGT
MES,COK
MES,HFE
MES,CGK
MES,NBX
MES,KDI
MES,MDC
MES,KSR
MES,BKI
MES,PVG
MES,BKS
MES,CGP
MES,DUM
MES,LTU
MES,OTI
MES,SRI
MES,LOP
MES,GTO
MES,JED
MES,PDG
MES,KRC
MES,TLI
MES,VTZ
MES,PLW
MES,MED
MES,MEL
MES,LMU
MES,BJW
MES,MEQ
MES,SBG
MES,PLM
MES,GNS
MES,JHB
MES,DPS
MES,KOE
MES,TPE
MES,BPN
MES,MKW
MES,FKQ
MES,WMX
MES,CAN
MES,MKQ
MES,TWU
MES,SWQ
MES,MKZ
MES,SRG
MES,TJQ
MES,SOC
MES,KWB
MES,DAC
MES,TXE
MES,KWL
MES,PUM
MES,SOQ
MES,TGG
MES,SGN
MES,VPM
MES,DEX
MES,NST
MES,MLG
MES,WGP
MES,UTH
MES,CNX
MES,KTM
MES,TNA
MES,ABU
MES,HGH
MES,KTE
MES,KTG
MES,TNJ
MES,LGK
MES,MJU
MES,MOF
MES,PNH
MES,PNK
MES,ARD
MES,RJM
MES,PSU
SUB,CKG
SUB,WNI
SUB,KJT
SUB,NAH
SUB,BUW
SUB,TIM
SUB,BOM
SUB,XIY
SUB,SIN
SUB,MYY
SUB,BWX
SUB,SXK
SUB,HKT
SUB,AOR
SUB,KHN
SUB,JOG
SUB,NAM
SUB,LBJ
SUB,HKG
SUB,KNO
SUB,LHE
SUB,HAK
SUB,HAN
SUB,NTX
SUB,KNG
SUB,URT
SUB,AMQ
SUB,DJB
SUB,SMQ
SUB,UBP
SUB,DJJ
SUB,PXA
SUB,BNE
SUB,CXP
SUB,LAH
SUB,PKN
SUB,IPH
SUB,MAA
SUB,WUB
SUB,TMC
SUB,SQN
SUB,KAZ
SUB,WUH
SUB,SQG
SUB,BEJ
SUB,FLZ
SUB,MWW
SUB,LKI
SUB,DTB
SUB,DMK
SUB,CMB
SUB,HDY
SUB,LKA
SUB,MKF
SUB,DEL
SUB,AEG
SUB,TSY
SUB,UOL
SUB,AMI
SUB,TKG
SUB,PKU
SUB,SZB
SUB,PGK
SUB,PKY
SUB,RTI
SUB,AMD
SUB,CEI
SUB,LSW
SUB,SZX
SUB,LLO
SUB,BMU
SUB,KBR
SUB,MNA
SUB,MWS
SUB,KBV
SUB,TTE
SUB,KBU
SUB,TRK
SUB,ENE
SUB,UPG
SUB,BDO
SUB,BDJ
SUB,YKR
SUB,TRZ
SUB,CSX
SUB,TRV
SUB,PSJ
SUB,BTW
SUB,MPC
SUB,TJG
SUB,RNG
SUB,KCH
SUB,HLP
SUB,SUP
SUB,MFM
SUB,TJS
SUB,MOH
SUB,BTH
SUB,BTJ
SUB,CTU
SUB,LUV
SUB,LUW
SUB,DOB
SUB,PER
SUB,GLX
SUB,PEN
SUB,KUL
SUB,JBB
SUB,ATQ
SUB,SMG
SUB,RGT
SUB,COK
SUB,HFE
SUB,CGK
SUB,NBX
SUB,KDI
SUB,MDC
SUB,KSR
SUB,BKI
SUB,PVG
SUB,BKS
SUB,CGP
SUB,DUM
SUB,LTU
SUB,OTI
SUB,SRI
SUB,LOP
SUB,GTO
SUB,JED
SUB,PDG
SUB,KRC
SUB,TLI
SUB,VTZ
SUB,PLW
SUB,MED
SUB,MEL
SUB,LMU
SUB,BJW
SUB,MEQ
SUB,SBG
SUB,MES
SUB,PLM
SUB,GNS
SUB,JHB
SUB,DPS
SUB,KOE
SUB,TPE
SUB,BPN
SUB,MKW
SUB,FKQ
SUB,WMX
SUB,CAN
SUB,MKQ
SUB,TWU
SUB,SWQ
SUB,MKZ
SUB,SRG
SUB,TJQ
SUB,SOC
SUB,KWB
SUB,DAC
SUB,TXE
SUB,KWL
SUB,PUM
SUB,SOQ
SUB,TGG
SUB,SGN
SUB,VPM
SUB,DEX
SUB,NST
SUB,MLG
SUB,WGP
SUB,UTH
SUB,CNX
SUB,KTM
SUB,TNA
SUB,ABU
SUB,HGH
SUB,KTE
SUB,KTG
SUB,TNJ
SUB,LGK
SUB,MJU
SUB,MOF
SUB,PNH
SUB,PNK
SUB,ARD
SUB,RJM
SUB,PSU
JOG,CKG
JOG,WNI
JOG,KJT
JOG,NAH
JOG,BUW
JOG,TIM
JOG,BOM
JOG,XIY
JOG,SIN
JOG,MYY
JOG,BWX
JOG,SXK
JOG,HKT
JOG,AOR
JOG,KHN
JOG,NAM
JOG,LBJ
JOG,HKG
JOG,KNO
JOG,LHE
JOG,HAK
JOG,HAN
JOG,NTX
JOG,KNG
JOG,URT
JOG,AMQ
JOG,DJB
JOG,SMQ
JOG,UBP
JOG,DJJ
JOG,PXA
JOG,BNE
JOG,CXP
JOG,LAH
JOG,PKN
JOG,IPH
JOG,MAA
JOG,WUB
JOG,TMC
JOG,SQN
JOG,KAZ
JOG,WUH
JOG,SQG
JOG,BEJ
JOG,FLZ
JOG,MWW
JOG,LKI
JOG,DTB
JOG,DMK
JOG,CMB
JOG,HDY
JOG,LKA
JOG,MKF
JOG,DEL
JOG,AEG
JOG,TSY
JOG,UOL
JOG,AMI
JOG,TKG
JOG,PKU
JOG,SZB
JOG,PGK
JOG,PKY
JOG,RTI
JOG,AMD
JOG,CEI
JOG,LSW
JOG,SZX
JOG,LLO
JOG,BMU
JOG,KBR
JOG,MNA
JOG,MWS
JOG,KBV
JOG,TTE
JOG,KBU
JOG,TRK
JOG,ENE
JOG,UPG
JOG,BDO
JOG,BDJ
JOG,YKR
JOG,TRZ
JOG,CSX
JOG,TRV
JOG,PSJ
JOG,BTW
JOG,MPC
JOG,TJG
JOG,RNG
JOG,KCH
JOG,HLP
JOG,SUP
JOG,MFM
JOG,TJS
JOG,MOH
JOG,BTH
JOG,BTJ
JOG,CTU
JOG,SUB
JOG,LUV
JOG,LUW
JOG,DOB
JOG,PER
JOG,GLX
JOG,PEN
JOG,KUL
JOG,JBB
JOG,ATQ
JOG,SMG
JOG,RGT
JOG,COK
JOG,HFE
JOG,CGK
JOG,NBX
JOG,KDI
JOG,MDC
JOG,KSR
JOG,BKI
JOG,PVG
JOG,BKS
JOG,CGP
JOG,DUM
JOG,LTU
JOG,OTI
JOG,SRI
JOG,LOP
JOG,GTO
JOG,JED
JOG,PDG
JOG,KRC
JOG,TLI
JOG,VTZ
JOG,PLW
JOG,MED
JOG,MEL
JOG,LMU
JOG,BJW
JOG,MEQ
JOG,SBG
JOG,MES
JOG,PLM
JOG,GNS
JOG,JHB
JOG,DPS
JOG,KOE
JOG,TPE
JOG,BPN
JOG,MKW
JOG,FKQ
JOG,WMX
JOG,CAN
JOG,MKQ
JOG,TWU
JOG,SWQ
JOG,MKZ
JOG,SRG
JOG,TJQ
JOG,SOC
JOG,KWB
JOG,DAC
JOG,TXE
JOG,KWL
JOG,PUM
JOG,SOQ
JOG,TGG
JOG,SGN
JOG,VPM
JOG,DEX
JOG,NST
JOG,MLG
JOG,WGP
JOG,UTH
JOG,CNX
JOG,KTM
JOG,TNA
JOG,ABU
JOG,HGH
JOG,KTE
JOG,KTG
JOG,TNJ
JOG,LGK
JOG,MJU
JOG,MOF
JOG,PNH
JOG,PNK
JOG,ARD
JOG,RJM
JOG,PSU
PNK,CKG
PNK,WNI
PNK,KJT
PNK,NAH
PNK,BUW
PNK,TIM
PNK,BOM
PNK,XIY
PNK,SIN
PNK,MYY
PNK,BWX
PNK,SXK
PNK,HKT
PNK,AOR
PNK,KHN
PNK,JOG
PNK,NAM
PNK,LBJ
PNK,HKG
PNK,KNO
PNK,LHE
PNK,HAK
PNK,HAN
PNK,NTX
PNK,KNG
PNK,URT
PNK,AMQ
PNK,DJB
PNK,SMQ
PNK,UBP
PNK,DJJ
PNK,PXA
PNK,BNE
PNK,CXP
PNK,LAH
PNK,PKN
PNK,IPH
PNK,MAA
PNK,WUB
PNK,TMC
PNK,SQN
PNK,KAZ
PNK,WUH
PNK,SQG
PNK,BEJ
PNK,FLZ
PNK,MWW
PNK,LKI
PNK,DTB
PNK,DMK
PNK,CMB
PNK,HDY
PNK,LKA
PNK,MKF
PNK,DEL
PNK,AEG
PNK,TSY
PNK,UOL
PNK,AMI
PNK,TKG
PNK,PKU
PNK,SZB
PNK,PGK
PNK,PKY
PNK,RTI
PNK,AMD
PNK,CEI
PNK,LSW
PNK,SZX
PNK,LLO
PNK,BMU
PNK,KBR
PNK,MNA
PNK,MWS
PNK,KBV
PNK,TTE
PNK,KBU
PNK,TRK
PNK,ENE
PNK,UPG
PNK,BDO
PNK,BDJ
PNK,YKR
PNK,TRZ
PNK,CSX
PNK,TRV
PNK,PSJ
PNK,BTW
PNK,MPC
PNK,TJG
PNK,RNG
PNK,KCH
PNK,HLP
PNK,SUP
PNK,MFM
PNK,TJS
PNK,MOH
PNK,BTH
PNK,BTJ
PNK,CTU
PNK,SUB
PNK,LUV
PNK,LUW
PNK,DOB
PNK,PER
PNK,GLX
PNK,PEN
PNK,KUL
PNK,JBB
PNK,ATQ
PNK,SMG
PNK,RGT
PNK,COK
PNK,HFE
PNK,CGK
PNK,NBX
PNK,KDI
PNK,MDC
PNK,KSR
PNK,BKI
PNK,PVG
PNK,BKS
PNK,CGP
PNK,DUM
PNK,LTU
PNK,OTI
PNK,SRI
PNK,LOP
PNK,GTO
PNK,JED
PNK,PDG
PNK,KRC
PNK,TLI
PNK,VTZ
PNK,PLW
PNK,MED
PNK,MEL
PNK,LMU
PNK,BJW
PNK,MEQ
PNK,SBG
PNK,MES
PNK,PLM
PNK,GNS
PNK,JHB
PNK,DPS
PNK,KOE
PNK,TPE
PNK,BPN
PNK,MKW
PNK,FKQ
PNK,WMX
PNK,CAN
PNK,MKQ
PNK,TWU
PNK,SWQ
PNK,MKZ
PNK,SRG
PNK,TJQ
PNK,SOC
PNK,KWB
PNK,DAC
PNK,TXE
PNK,KWL
PNK,PUM
PNK,SOQ
PNK,TGG
PNK,SGN
PNK,VPM
PNK,DEX
PNK,NST
PNK,MLG
PNK,WGP
PNK,UTH
PNK,CNX
PNK,KTM
PNK,TNA
PNK,ABU
PNK,HGH
PNK,KTE
PNK,KTG
PNK,TNJ
PNK,LGK
PNK,MJU
PNK,MOF
PNK,PNH
PNK,ARD
PNK,RJM
PNK,PSU
BPN,CKG
BPN,WNI
BPN,KJT
BPN,NAH
BPN,BUW
BPN,TIM
BPN,BOM
BPN,XIY
BPN,SIN
BPN,MYY
BPN,BWX
BPN,SXK
BPN,HKT
BPN,AOR
BPN,KHN
BPN,JOG
BPN,NAM
BPN,LBJ
BPN,HKG
BPN,KNO
BPN,LHE
BPN,HAK
BPN,HAN
BPN,NTX
BPN,KNG
BPN,URT
BPN,AMQ
BPN,DJB
BPN,SMQ
BPN,UBP
BPN,DJJ
BPN,PXA
BPN,BNE
BPN,CXP
BPN,LAH
BPN,PKN
BPN,IPH
BPN,MAA
BPN,WUB
BPN,TMC
BPN,SQN
BPN,KAZ
BPN,WUH
BPN,SQG
BPN,BEJ
BPN,FLZ
BPN,MWW
BPN,LKI
BPN,DTB
BPN,DMK
BPN,CMB
BPN,HDY
BPN,LKA
BPN,MKF
BPN,DEL
BPN,AEG
BPN,TSY
BPN,UOL
BPN,AMI
BPN,TKG
BPN,PKU
BPN,SZB
BPN,PGK
BPN,PKY
BPN,RTI
BPN,AMD
BPN,CEI
BPN,LSW
BPN,SZX
BPN,LLO
BPN,BMU
BPN,KBR
BPN,MNA
BPN,MWS
BPN,KBV
BPN,TTE
BPN,KBU
BPN,TRK
BPN,ENE
BPN,UPG
BPN,BDO
BPN,BDJ
BPN,YKR
BPN,TRZ
BPN,CSX
BPN,TRV
BPN,PSJ
BPN,BTW
BPN,MPC
BPN,TJG
BPN,RNG
BPN,KCH
BPN,HLP
BPN,SUP
BPN,MFM
BPN,TJS
BPN,MOH
BPN,BTH
BPN,BTJ
BPN,CTU
BPN,SUB
BPN,LUV
BPN,LUW
BPN,DOB
BPN,PER
BPN,GLX
BPN,PEN
BPN,KUL
BPN,JBB
BPN,ATQ
BPN,SMG
BPN,RGT
BPN,COK
BPN,HFE
BPN,CGK
BPN,NBX
BPN,KDI
BPN,MDC
BPN,KSR
BPN,BKI
BPN,PVG
BPN,BKS
BPN,CGP
BPN,DUM
BPN,LTU
BPN,OTI
BPN,SRI
BPN,LOP
BPN,GTO
BPN,JED
BPN,PDG
BPN,KRC
BPN,TLI
BPN,VTZ
BPN,PLW
BPN,MED
BPN,MEL
BPN,LMU
BPN,BJW
BPN,MEQ
BPN,SBG
BPN,MES
BPN,PLM
BPN,GNS
BPN,JHB
BPN,DPS
BPN,KOE
BPN,TPE
BPN,MKW
BPN,FKQ
BPN,WMX
BPN,CAN
BPN,MKQ
BPN,TWU
BPN,SWQ
BPN,MKZ
BPN,SRG
BPN,TJQ
BPN,SOC
BPN,KWB
BPN,DAC
BPN,TXE
BPN,KWL
BPN,PUM
BPN,SOQ
BPN,TGG
BPN,SGN
BPN,VPM
BPN,DEX
BPN,NST
BPN,MLG
BPN,WGP
BPN,UTH
BPN,CNX
BPN,KTM
BPN,TNA
BPN,ABU
BPN,HGH
BPN,KTE
BPN,KTG
BPN,TNJ
BPN,LGK
BPN,MJU
BPN,MOF
BPN,PNH
BPN,PNK
BPN,ARD
BPN,RJM
BPN,PSU
SIN,CKG
SIN,WNI
SIN,KJT
SIN,NAH
SIN,BUW
SIN,TIM
SIN,BOM
SIN,XIY
SIN,MYY
SIN,BWX
SIN,SXK
SIN,HKT
SIN,AOR
SIN,KHN
SIN,JOG
SIN,NAM
SIN,LBJ
SIN,HKG
SIN,KNO
SIN,LHE
SIN,HAK
SIN,HAN
SIN,NTX
SIN,KNG
SIN,URT
SIN,AMQ
SIN,DJB
SIN,SMQ
SIN,UBP
SIN,DJJ
SIN,PXA
SIN,BNE
SIN,CXP
SIN,LAH
SIN,PKN
SIN,IPH
SIN,MAA
SIN,WUB
SIN,TMC
SIN,SQN
SIN,KAZ
SIN,WUH
SIN,SQG
SIN,BEJ
SIN,FLZ
SIN,MWW
SIN,LKI
SIN,DTB
SIN,DMK
SIN,CMB
SIN,HDY
SIN,LKA
SIN,MKF
SIN,DEL
SIN,AEG
SIN,TSY
SIN,UOL
SIN,AMI
SIN,TKG
SIN,PKU
SIN,SZB
SIN,PGK
SIN,PKY
SIN,RTI
SIN,AMD
SIN,CEI
SIN,LSW
SIN,SZX
SIN,LLO
SIN,BMU
SIN,KBR
SIN,MNA
SIN,MWS
SIN,KBV
SIN,TTE
SIN,KBU
SIN,TRK
SIN,ENE
SIN,UPG
SIN,BDO
SIN,BDJ
SIN,YKR
SIN,TRZ
SIN,CSX
SIN,TRV
SIN,PSJ
SIN,BTW
SIN,MPC
SIN,TJG
SIN,RNG
SIN,KCH
SIN,HLP
SIN,SUP
SIN,MFM
SIN,TJS
SIN,MOH
SIN,BTH
SIN,BTJ
SIN,CTU
SIN,SUB
SIN,LUV
SIN,LUW
SIN,DOB
SIN,PER
SIN,GLX
SIN,PEN
SIN,KUL
SIN,JBB
SIN,ATQ
SIN,SMG
SIN,RGT
SIN,COK
SIN,HFE
SIN,CGK
SIN,NBX
SIN,KDI
SIN,MDC
SIN,KSR
SIN,BKI
SIN,PVG
SIN,BKS
SIN,CGP
SIN,DUM
SIN,LTU
SIN,OTI
SIN,SRI
SIN,LOP
SIN,GTO
SIN,JED
SIN,PDG
SIN,KRC
SIN,TLI
SIN,VTZ
SIN,PLW
SIN,MED
SIN,MEL
SIN,LMU
SIN,BJW
SIN,MEQ
SIN,SBG
SIN,MES
SIN,PLM
SIN,GNS
SIN,JHB
SIN,DPS
SIN,KOE
SIN,TPE
SIN,BPN
SIN,MKW
SIN,FKQ
SIN,WMX
SIN,CAN
SIN,MKQ
SIN,TWU
SIN,SWQ
SIN,MKZ
SIN,SRG
SIN,TJQ
SIN,SOC
SIN,KWB
SIN,DAC
SIN,TXE
SIN,KWL
SIN,PUM
SIN,SOQ
SIN,TGG
SIN,SGN
SIN,VPM
SIN,DEX
SIN,NST
SIN,MLG
SIN,WGP
SIN,UTH
SIN,CNX
SIN,KTM
SIN,TNA
SIN,ABU
SIN,HGH
SIN,KTE
SIN,KTG
SIN,TNJ
SIN,LGK
SIN,MJU
SIN,MOF
SIN,PNH
SIN,PNK
SIN,ARD
SIN,RJM
SIN,PSU
KUL,CKG
KUL,WNI
KUL,KJT
KUL,NAH
KUL,BUW
KUL,TIM
KUL,BOM
KUL,XIY
KUL,SIN
KUL,MYY
KUL,BWX
KUL,SXK
KUL,HKT
KUL,AOR
KUL,KHN
KUL,JOG
KUL,NAM
KUL,LBJ
KUL,HKG
KUL,KNO
KUL,LHE
KUL,HAK
KUL,HAN
KUL,NTX
KUL,KNG
KUL,URT
KUL,AMQ
KUL,DJB
KUL,SMQ
KUL,UBP
KUL,DJJ
KUL,PXA
KUL,BNE
KUL,CXP
KUL,LAH
KUL,PKN
KUL,IPH
KUL,MAA
KUL,WUB
KUL,TMC
KUL,SQN
KUL,KAZ
KUL,WUH
KUL,SQG
KUL,BEJ
KUL,FLZ
KUL,MWW
KUL,LKI
KUL,DTB
KUL,DMK
KUL,CMB
KUL,HDY
KUL,LKA
KUL,MKF
KUL,DEL
KUL,AEG
KUL,TSY
KUL,UOL
KUL,AMI
KUL,TKG
KUL,PKU
KUL,SZB
KUL,PGK
KUL,PKY
KUL,RTI
KUL,AMD
KUL,CEI
KUL,LSW
KUL,SZX
KUL,LLO
KUL,BMU
KUL,KBR
KUL,MNA
KUL,MWS
KUL,KBV
KUL,TTE
KUL,KBU
KUL,TRK
KUL,ENE
KUL,UPG
KUL,BDO
KUL,BDJ
KUL,YKR
KUL,TRZ
KUL,CSX
KUL,TRV
KUL,PSJ
KUL,BTW
KUL,MPC
KUL,TJG
KUL,RNG
KUL,KCH
KUL,HLP
KUL,SUP
KUL,MFM
KUL,TJS
KUL,MOH
KUL,BTH
KUL,BTJ
KUL,CTU
KUL,SUB
KUL,LUV
KUL,LUW
KUL,DOB
KUL,PER
KUL,GLX
KUL,PEN
KUL,JBB
KUL,ATQ
KUL,SMG
KUL,RGT
KUL,COK
KUL,HFE
KUL,CGK
KUL,NBX
KUL,KDI
KUL,MDC
KUL,KSR
KUL,BKI
KUL,PVG
KUL,BKS
KUL,CGP
KUL,DUM
KUL,LTU
KUL,OTI
KUL,SRI
KUL,LOP
KUL,GTO
KUL,JED
KUL,PDG
KUL,KRC
KUL,TLI
KUL,VTZ
KUL,PLW
KUL,MED
KUL,MEL
KUL,LMU
KUL,BJW
KUL,MEQ
KUL,SBG
KUL,MES
KUL,PLM
KUL,GNS
KUL,JHB
KUL,DPS
KUL,KOE
KUL,TPE
KUL,BPN
KUL,MKW
KUL,FKQ
KUL,WMX
KUL,CAN
KUL,MKQ
KUL,TWU
KUL,SWQ
KUL,MKZ
KUL,SRG
KUL,TJQ
KUL,SOC
KUL,KWB
KUL,DAC
KUL,TXE
KUL,KWL
KUL,PUM
KUL,SOQ
KUL,TGG
KUL,SGN
KUL,VPM
KUL,DEX
KUL,NST
KUL,MLG
KUL,WGP
KUL,UTH
KUL,CNX
KUL,KTM
KUL,TNA
KUL,ABU
KUL,HGH
KUL,KTE
KUL,KTG
KUL,TNJ
KUL,LGK
KUL,MJU
KUL,MOF
KUL,PNH
KUL,PNK
KUL,ARD
KUL,RJM
KUL,PSU
PEN,CKG
PEN,WNI
PEN,KJT
PEN,NAH
PEN,BUW
PEN,TIM
PEN,BOM
PEN,XIY
PEN,SIN
PEN,MYY
PEN,BWX
PEN,SXK
PEN,HKT
PEN,AOR
PEN,KHN
PEN,JOG
PEN,NAM
PEN,LBJ
PEN,HKG
PEN,KNO
PEN,LHE
PEN,HAK
PEN,HAN
PEN,NTX
PEN,KNG
PEN,URT
PEN,AMQ
PEN,DJB
PEN,SMQ
PEN,UBP
PEN,DJJ