AAQ,TLV
ABA,TLV
ABQ,TLV
ABZ,TLV
ACE,TLV
AER,TLV
AGP,TLV
AKL,TLV
ALC,TLV
AMS,BKK
AMS,BOM
AMS,HKG
AMS,JNB
AMS,TLV
AOI,TLV
ATH,BJS
ATH,BKK
ATH,BOM
ATH,HKG
ATH,TLV
ATL,TLV
AUA,TLV
AUS,TLV
AXD,TLV
BAX,TLV
BCN,BJS
BCN,BKK
BCN,BOM
BCN,HKG
BCN,JNB
BCN,TLV
BDA,TLV
BDS,TLV
BER,BJS
BER,BKK
BER,BOM
BER,HKG
BER,JNB
BER,TLV
BFS,TLV
BHX,TLV
BIO,TLV
BJS,BKK
BJS,BOM
BJS,HKG
BJS,JNB
BJS,TLV
BKK,BJS
BKK,BOM
BKK,HKG
BKK,JNB
BKK,TLV
BLQ,TLV
BLR,TLV
BNA,TLV
BNE,TLV
BOD,TLV
BOG,TLV
BOM,BJS
BOM,BKK
BOM,HKG
BOM,JNB
BOM,TLV
BOS,TLV
BRE,TLV
BRI,TLV
BRS,TLV
BRU,BJS
BRU,BKK
BRU,BOM
BRU,HKG
BRU,JNB
BRU,TLV
BTV,TLV
BUD,BJS
BUD,BKK
BUD,BOM
BUD,HKG
BUD,JNB
BUD,TLV
BUE,TLV
BUF,TLV
BUH,BJS
BUH,BKK
BUH,BOM
BUH,HKG
BUH,JNB
BUH,TLV
BUR,TLV
BWI,TLV
CAG,TLV
CAN,TLV
CCU,TLV
CGN,TLV
CHI,TLV
CHS,TLV
CLE,TLV
CLT,TLV
CMB,TLV
CMH,TLV
COK,TLV
CPH,TLV
CPT,TLV
CTA,TLV
CTU,TLV
CUN,TLV
CVG,TLV
DEL,TLV
DEN,TLV
DFW,TLV
DRS,TLV
DTT,TLV
DUB,TLV
DUR,TLV
DUS,TLV
EDI,TLV
FAT,TLV
FLL,TLV
FLR,TLV
FMO,TLV
FMY,TLV
FRA,BJS
FRA,BKK
FRA,BOM
FRA,HKG
FRA,JNB
FRA,TLV
FUE,TLV
GLA,TLV
GNB,TLV
GOA,TLV
GOI,TLV
GOJ,TLV
GSO,TLV
GVA,BJS
GVA,BKK
GVA,BOM
GVA,HKG
GVA,JNB
GVA,TLV
HAJ,TLV
HAM,TLV
HAN,TLV
HAR,TLV
HEL,TLV
HER,TLV
HGH,TLV
HKG,BJS
HKG,BKK
HKG,BOM
HKG,JNB
HKG,TLV
HOU,TLV
IBZ,TLV
IEV,BJS
IEV,BKK
IEV,BOM
IEV,HKG
IEV,JNB
IEV,TLV
IND,TLV
INN,TLV
IXE,TLV
JAX,TLV
JDH,TLV
JNB,BJS
JNB,BKK
JNB,BOM
JNB,HKG
JNB,TLV
KGD,TLV
KIX,TLV
KJA,TLV
KRK,TLV
KRR,TLV
KRS,TLV
KTM,TLV
KUF,TLV
KZN,TLV
LAS,TLV
LAX,BJS
LAX,BKK
LAX,BOM
LAX,HKG
LAX,JNB
LAX,TLV
LBA,TLV
LCA,LCA
LCA,TLV
LCG,TLV
LED,BJS
LED,BKK
LED,BOM
LED,HKG
LED,JNB
LED,TLV
LEJ,TLV
LGB,TLV
LIS,TLV
LIT,TLV
LJU,TLV
LON,BJS
LON,BKK
LON,BOM
LON,HKG
LON,JNB
LON,TLV
LPA,TLV
LYS,TLV
MAA,TLV
MAD,BJS
MAD,BKK
MAD,BOM
MAD,HKG
MAD,JNB
MAD,TLV
MAH,TLV
MAN,TLV
MEL,TLV
MEM,TLV
MHT,TLV
MIA,TLV
MIL,BJS
MIL,BKK
MIL,BOM
MIL,HKG
MIL,JNB
MIL,TLV
MKC,TLV
MLA,TLV
MOW,BJS
MOW,BKK
MOW,BOM
MOW,HKG
MOW,JNB
MOW,TLV
MPL,TLV
MRS,BJS
MRS,BKK
MRS,BOM
MRS,HKG
MRS,JNB
MRS,TLV
MRV,TLV
MSP,TLV
MSY,TLV
MUC,BJS
MUC,BKK
MUC,BOM
MUC,HKG
MUC,JNB
MUC,TLV
NAP,TLV
NCE,TLV
NCL,TLV
NKG,TLV
NOZ,TLV
NUE,TLV
NUX,TLV
NWI,TLV
NYC,BJS
NYC,BKK
NYC,BOM
NYC,HKG
NYC,JNB
NYC,TLV
NYM,TLV
OAK,TLV
ODS,TLV
OKC,TLV
OMS,TLV
OPO,TLV
ORF,TLV
ORL,TLV
OSL,TLV
OVB,TLV
OVD,TLV
PAR,BJS
PAR,BKK
PAR,BOM
PAR,HKG
PAR,JNB
PAR,TLV
PAR,VDA
PBI,TLV
PDX,TLV
PEE,TLV
PER,TLV
PHL,TLV
PHX,TLV
PIT,TLV
PLZ,TLV
PMI,TLV
PMO,TLV
PRG,HKG
PRG,JNB
PRG,TLV
PSA,TLV
PWM,TLV
RDU,TLV
REG,TLV
RHO,TLV
RIC,TLV
RNO,TLV
ROC,TLV
ROM,BJS
ROM,BKK
ROM,BOM
ROM,HKG
ROM,JNB
ROM,TLV
ROV,TLV
RSW,TLV
SAC,TLV
SAN,TLV
SAT,TLV
SAV,TLV
SBA,TLV
SCL,TLV
SCQ,TLV
SDF,TLV
SEA,TLV
SEL,TLV
SFO,TLV
SGN,TLV
SHA,TLV
SIP,TLV
SJC,TLV
SJO,TLV
SKG,TLV
SLC,TLV
SNA,TLV
SOF,BJS
SOF,BKK
SOF,BOM
SOF,HKG
SOF,JNB
SOF,TLV
SRQ,TLV
STL,TLV
STO,TLV
STR,TLV
STW,TLV
SUF,TLV
SVQ,TLV
SVX,TLV
SXB,TLV
SYD,TLV
SYR,TLV
TAO,TLV
TBS,TLV
TCI,TLV
TJM,TLV
TLL,TLV
TLS,TLV
TLV,ABQ
TLV,ABZ
TLV,ACE
TLV,ADD
TLV,AER
TLV,AGP
TLV,AKL
TLV,ALC
TLV,AMS
TLV,AOI
TLV,ATH
TLV,ATL
TLV,AUS
TLV,AXD
TLV,BAX
TLV,BCN
TLV,BDS
TLV,BEG
TLV,BER
TLV,BFS
TLV,BGO
TLV,BHX
TLV,BIO
TLV,BJS
TLV,BKK
TLV,BLQ
TLV,BLR
TLV,BNA
TLV,BNE
TLV,BOD
TLV,BOG
TLV,BOM
TLV,BOS
TLV,BRE
TLV,BRI
TLV,BRS
TLV,BRU
TLV,BSL
TLV,BTV
TLV,BUD
TLV,BUE
TLV,BUF
TLV,BUH
TLV,BUR
TLV,BWI
TLV,CAG
TLV,CAN
TLV,CCU
TLV,CEI
TLV,CEK
TLV,CGN
TLV,CHI
TLV,CHQ
TLV,CHS
TLV,CLE
TLV,CLT
TLV,CMB
TLV,CMH
TLV,CNX
TLV,CPH
TLV,CPT
TLV,CTA
TLV,CTU
TLV,CUN
TLV,CVG
TLV,DEL
TLV,DEN
TLV,DFW
TLV,DOK
TLV,DRS
TLV,DTT
TLV,DUB
TLV,DUR
TLV,DUS
TLV,EDI
TLV,FAT
TLV,FLL
TLV,FLR
TLV,FMO
TLV,FMY
TLV,FRA
TLV,FUE
TLV,GLA
TLV,GOA
TLV,GOI
TLV,GOJ
TLV,GRZ
TLV,GSO
TLV,GVA
TLV,HAJ
TLV,HAM
TLV,HAN
TLV,HEL
TLV,HER
TLV,HGH
TLV,HKG
TLV,HKT
TLV,HOU
TLV,HYD
TLV,IBZ
TLV,IEV
TLV,IKT
TLV,IND
TLV,INN
TLV,IXE
TLV,JAX
TLV,JKH
TLV,JKT
TLV,JNB
TLV,JTR
TLV,KBV
TLV,KEJ
TLV,KGS
TLV,KIX
TLV,KJA
TLV,KLU
TLV,KRK
TLV,KRR
TLV,KRS
TLV,KTM
TLV,KUF
TLV,KVA
TLV,KZN
TLV,LAS
TLV,LAX
TLV,LBA
TLV,LCA
TLV,LCG
TLV,LED
TLV,LEJ
TLV,LGB
TLV,LIS
TLV,LNZ
TLV,LON
TLV,LPA
TLV,LUX
TLV,LWO
TLV,LYS
TLV,MAA
TLV,MAD
TLV,MAH
TLV,MAN
TLV,MEL
TLV,MEX
TLV,MIA
TLV,MIL
TLV,MJT
TLV,MLA
TLV,MME
TLV,MNL
TLV,MOW
TLV,MPL
TLV,MRS
TLV,MRV
TLV,MSP
TLV,MSQ
TLV,MSY
TLV,MUC
TLV,NAP
TLV,NBO
TLV,NCE
TLV,NCL
TLV,NJC
TLV,NKG
TLV,NOZ
TLV,NUE
TLV,NUX
TLV,NWI
TLV,NYC
TLV,OAK
TLV,ODS
TLV,OMS
TLV,OPO
TLV,ORF
TLV,ORL
TLV,OSL
TLV,OVB
TLV,OVD
TLV,PAR
TLV,PBI
TLV,PDX
TLV,PEE
TLV,PER
TLV,PHL
TLV,PHX
TLV,PIT
TLV,PLZ
TLV,PMI
TLV,PMO
TLV,PRG
TLV,PSA
TLV,PWM
TLV,RDU
TLV,REG
TLV,RHO
TLV,RIC
TLV,RIO
TLV,RIX
TLV,RNO
TLV,ROC
TLV,ROM
TLV,ROV
TLV,RSW
TLV,SAL
TLV,SAN
TLV,SAO
TLV,SAT
TLV,SAV
TLV,SBA
TLV,SCL
TLV,SEA
TLV,SEL
TLV,SFO
TLV,SGN
TLV,SHA
TLV,SIN
TLV,SIP
TLV,SJC
TLV,SJU
TLV,SKG
TLV,SLC
TLV,SNA
TLV,SOF
TLV,SRQ
TLV,STL
TLV,STO
TLV,STR
TLV,SUF
TLV,SVQ
TLV,SXB
TLV,SYD
TLV,SYR
TLV,SYX
TLV,SZG
TLV,TAO
TLV,TBS
TLV,TCI
TLV,TDX
TLV,TLL
TLV,TLS
TLV,TOF
TLV,TPA
TLV,TPE
TLV,TRN
TLV,TRS
TLV,TYO
TLV,UFA
TLV,URT
TLV,USM
TLV,VCE
TLV,VGO
TLV,VIE
TLV,VLC
TLV,VNO
TLV,VRN
TLV,WAS
TLV,WAW
TLV,XRY
TLV,YEA
TLV,YHZ
TLV,YMQ
TLV,YOW
TLV,YQR
TLV,YTO
TLV,YVR
TLV,YWG
TLV,YYC
TLV,ZAG
TLV,ZRH
TLV,LJU
TOF,TLV
TPA,TLV
TPE,TLV
TRS,TLV
TYO,TLV
UFA,TLV
UUD,TLV
VCE,TLV
VDA,PAR
VGO,TLV
VIE,BJS
VIE,BKK
VIE,BOM
VIE,HKG
VIE,JNB
VIE,TLV
VLC,TLV
VRN,TLV
WAS,TLV
WAW,BJS
WAW,BKK
WAW,BOM
WAW,HKG
WAW,JNB
WAW,TLV
XRY,TLV
YEA,TLV
YHZ,TLV
YMQ,TLV
YOW,TLV
YQR,TLV
YTO,TLV
YVR,TLV
YWG,TLV
YYC,TLV
ZAG,TLV
ZNZ,TLV
ZRH,BJS
ZRH,BKK
ZRH,BOM
ZRH,HKG
ZRH,JNB
ZRH,TLV
